time,relative_humidity_2m,temperature_2m
2026-03-02T00:00:00.000000,75.0,11.0
2026-03-02T01:00:00.000000,75.0,10.8
2026-03-02T02:00:00.000000,77.0,10.3
2026-03-02T03:00:00.000000,75.0,9.8
2026-03-02T04:00:00.000000,77.0,9.8
2026-03-02T05:00:00.000000,75.0,9.6
2026-03-02T06:00:00.000000,74.0,9.6
2026-03-02T07:00:00.000000,74.0,9.4
2026-03-02T08:00:00.000000,72.0,9.7
2026-03-02T09:00:00.000000,69.0,10.5
2026-03-02T10:00:00.000000,66.0,12.0
2026-03-02T11:00:00.000000,62.0,13.2
2026-03-02T12:00:00.000000,58.0,14.2
2026-03-02T13:00:00.000000,52.0,15.3
2026-03-02T14:00:00.000000,49.0,15.9
2026-03-02T15:00:00.000000,50.0,15.9
2026-03-02T16:00:00.000000,53.0,15.2
2026-03-02T17:00:00.000000,58.0,14.2
2026-03-02T18:00:00.000000,61.0,13.5
2026-03-02T19:00:00.000000,64.0,13.0
2026-03-02T20:00:00.000000,68.0,12.4
2026-03-02T21:00:00.000000,71.0,11.9
2026-03-02T22:00:00.000000,73.0,11.4
2026-03-02T23:00:00.000000,75.0,11.0
2026-03-03T00:00:00.000000,78.0,10.6
2026-03-03T01:00:00.000000,80.0,10.3
2026-03-03T02:00:00.000000,83.0,10.0
2026-03-03T03:00:00.000000,84.0,9.9
2026-03-03T04:00:00.000000,87.0,9.8
2026-03-03T05:00:00.000000,88.0,9.6
2026-03-03T06:00:00.000000,87.0,9.3
2026-03-03T07:00:00.000000,87.0,9.0
2026-03-03T08:00:00.000000,82.0,9.2
2026-03-03T09:00:00.000000,77.0,9.8
2026-03-03T10:00:00.000000,70.0,10.9
2026-03-03T11:00:00.000000,63.0,12.0
2026-03-03T12:00:00.000000,61.0,12.9
2026-03-03T13:00:00.000000,60.0,13.6
2026-03-03T14:00:00.000000,58.0,14.0
2026-03-03T15:00:00.000000,59.0,14.1
2026-03-03T16:00:00.000000,60.0,13.8
2026-03-03T17:00:00.000000,63.0,12.9
2026-03-03T18:00:00.000000,63.0,11.6
2026-03-03T19:00:00.000000,63.0,10.8
2026-03-03T20:00:00.000000,62.0,10.1
2026-03-03T21:00:00.000000,69.0,9.1
2026-03-03T22:00:00.000000,78.0,8.2
2026-03-03T23:00:00.000000,82.0,7.9
2026-03-04T00:00:00.000000,83.0,7.8
2026-03-04T01:00:00.000000,83.0,7.8
2026-03-04T02:00:00.000000,84.0,7.5
2026-03-04T03:00:00.000000,86.0,7.6
2026-03-04T04:00:00.000000,88.0,7.6
2026-03-04T05:00:00.000000,89.0,7.7
2026-03-04T06:00:00.000000,89.0,7.9
2026-03-04T07:00:00.000000,90.0,8.1
2026-03-04T08:00:00.000000,89.0,8.4
2026-03-04T09:00:00.000000,87.0,9.0
2026-03-04T10:00:00.000000,84.0,9.8
2026-03-04T11:00:00.000000,79.0,11.1
2026-03-04T12:00:00.000000,73.0,12.5
2026-03-04T13:00:00.000000,67.0,13.7
2026-03-04T14:00:00.000000,66.0,14.4
2026-03-04T15:00:00.000000,66.0,15.0
2026-03-04T16:00:00.000000,67.0,15.0
2026-03-04T17:00:00.000000,67.0,14.4
2026-03-04T18:00:00.000000,73.0,13.3
2026-03-04T19:00:00.000000,71.0,12.8
2026-03-04T20:00:00.000000,70.0,12.4
2026-03-04T21:00:00.000000,72.0,12.1
2026-03-04T22:00:00.000000,71.0,11.8
2026-03-04T23:00:00.000000,72.0,11.2
2026-03-05T00:00:00.000000,73.0,10.7
2026-03-05T01:00:00.000000,75.0,10.2
2026-03-05T02:00:00.000000,78.0,9.9
2026-03-05T03:00:00.000000,80.0,9.5
2026-03-05T04:00:00.000000,82.0,9.2
2026-03-05T05:00:00.000000,85.0,8.9
2026-03-05T06:00:00.000000,86.0,8.7
2026-03-05T07:00:00.000000,86.0,8.7
2026-03-05T08:00:00.000000,85.0,8.9
2026-03-05T09:00:00.000000,83.0,9.4
2026-03-05T10:00:00.000000,80.0,10.4
2026-03-05T11:00:00.000000,76.0,11.7
2026-03-05T12:00:00.000000,72.0,12.9
2026-03-05T13:00:00.000000,66.0,14.2
2026-03-05T14:00:00.000000,59.0,15.5
2026-03-05T15:00:00.000000,55.0,16.2
2026-03-05T16:00:00.000000,55.0,15.9
2026-03-05T17:00:00.000000,58.0,15.0
2026-03-05T18:00:00.000000,62.0,14.1
2026-03-05T19:00:00.000000,66.0,13.5
2026-03-05T20:00:00.000000,71.0,12.9
2026-03-05T21:00:00.000000,75.0,12.4
2026-03-05T22:00:00.000000,77.0,12.2
2026-03-05T23:00:00.000000,77.0,12.0
2026-03-06T00:00:00.000000,78.0,11.8
2026-03-06T01:00:00.000000,80.0,11.4
2026-03-06T02:00:00.000000,83.0,10.9
2026-03-06T03:00:00.000000,85.0,10.5
2026-03-06T04:00:00.000000,87.0,10.2
2026-03-06T05:00:00.000000,89.0,10.1
2026-03-06T06:00:00.000000,91.0,10.0
2026-03-06T07:00:00.000000,92.0,9.9
2026-03-06T08:00:00.000000,93.0,9.9
2026-03-06T09:00:00.000000,93.0,10.1
2026-03-06T10:00:00.000000,92.0,10.6
2026-03-06T11:00:00.000000,90.0,11.3
2026-03-06T12:00:00.000000,87.0,12.0
2026-03-06T13:00:00.000000,84.0,12.7
2026-03-06T14:00:00.000000,80.0,13.4
2026-03-06T15:00:00.000000,78.0,13.8
2026-03-06T16:00:00.000000,79.0,14.0
2026-03-06T17:00:00.000000,82.0,14.1
2026-03-06T18:00:00.000000,84.0,13.7
2026-03-06T19:00:00.000000,86.0,12.8
2026-03-06T20:00:00.000000,88.0,11.5
2026-03-06T21:00:00.000000,89.0,10.5
2026-03-06T22:00:00.000000,90.0,9.9
2026-03-06T23:00:00.000000,91.0,9.5
2026-03-07T00:00:00.000000,91.0,9.1
2026-03-07T01:00:00.000000,91.0,8.8
2026-03-07T02:00:00.000000,91.0,8.4
2026-03-07T03:00:00.000000,91.0,8.2
2026-03-07T04:00:00.000000,92.0,8.0
2026-03-07T05:00:00.000000,93.0,7.9
2026-03-07T06:00:00.000000,93.0,7.8
2026-03-07T07:00:00.000000,93.0,7.7
2026-03-07T08:00:00.000000,92.0,7.6
2026-03-07T09:00:00.000000,91.0,7.7
2026-03-07T10:00:00.000000,90.0,8.0
2026-03-07T11:00:00.000000,89.0,8.5
2026-03-07T12:00:00.000000,87.0,9.0
2026-03-07T13:00:00.000000,85.0,9.6
2026-03-07T14:00:00.000000,83.0,10.3
2026-03-07T15:00:00.000000,81.0,10.8
2026-03-07T16:00:00.000000,81.0,11.0
2026-03-07T17:00:00.000000,81.0,11.1
2026-03-07T18:00:00.000000,82.0,10.9
2026-03-07T19:00:00.000000,83.0,10.5
2026-03-07T20:00:00.000000,85.0,10.0
2026-03-07T21:00:00.000000,87.0,9.4
2026-03-07T22:00:00.000000,88.0,9.0
2026-03-07T23:00:00.000000,89.0,8.5
2026-03-08T00:00:00.000000,90.0,8.1
2026-03-08T01:00:00.000000,92.0,7.7
2026-03-08T02:00:00.000000,94.0,7.4
2026-03-08T03:00:00.000000,95.0,7.1
2026-03-08T04:00:00.000000,95.0,6.9
2026-03-08T05:00:00.000000,95.0,6.8
2026-03-08T06:00:00.000000,95.0,6.8
2026-03-08T07:00:00.000000,95.0,6.8
2026-03-08T08:00:00.000000,96.0,6.9
2026-03-08T09:00:00.000000,95.0,7.2
2026-03-08T10:00:00.000000,90.0,8.4
2026-03-08T11:00:00.000000,88.0,9.0
2026-03-08T12:00:00.000000,86.0,9.5
2026-03-08T13:00:00.000000,83.0,10.2
2026-03-08T14:00:00.000000,80.0,10.9
2026-03-08T15:00:00.000000,77.0,11.7
2026-03-08T16:00:00.000000,73.0,12.5
2026-03-08T17:00:00.000000,71.0,13.0
2026-03-08T18:00:00.000000,70.0,13.2
2026-03-08T19:00:00.000000,71.0,13.1
2026-03-08T20:00:00.000000,73.0,12.6
2026-03-08T21:00:00.000000,75.0,12.0
2026-03-08T22:00:00.000000,78.0,11.3
2026-03-08T23:00:00.000000,81.0,10.7
